claim,label,preds,em,f1,acc,wall_time,total_tokens,steps,tool_cost,token_cost,total_cost
Tyne Daly performed in the Broadway play The Seagull.,SUPPORTS,SUPPORTS,True,1.0,1,0.45163726806640625,43,1,0,0.0008600000000000001,0.0008600000000000001
Natasha Richardson starred as the main character in Patty Hearst.,SUPPORTS,SUPPORTS,True,1.0,0,0.41501545906066895,43,1,0,0.0008600000000000001,0.0008600000000000001
Jane Fonda is a person who acts.,SUPPORTS,SUPPORTS,True,1.0,1,0.42801904678344727,39,1,0,0.0007800000000000001,0.0007800000000000001
Usain Bolt is a whale.,REFUTES,REFUTES,True,1.0,0,0.45445871353149414,37,1,0,0.0007400000000000001,0.0007400000000000001
Malaysia Airlines is a company that provides services.,SUPPORTS,SUPPORTS,True,1.0,0,1.014594316482544,41,1,0,0.0008200000000000001,0.0008200000000000001
Myles Kennedy was once part of a band.,SUPPORTS,SUPPORTS,True,1.0,1,0.6706621646881104,40,1,0,0.0008,0.0008
Generation X features birth years from the 1970s and it is studied.,SUPPORTS,SUPPORTS,True,1.0,1,0.634946346282959,45,1,0,0.0009000000000000001,0.0009000000000000001
Acting is William Shatner's profession.,SUPPORTS,SUPPORTS,True,1.0,1,0.5198612213134766,40,1,0,0.0008,0.0008
Desperate Housewives aired on a channel.,REFUTES,SUPPORTS,False,0.0,0,0.46032094955444336,39,1,0,0.0007800000000000001,0.0007800000000000001
One professional wrestler is Kurt Angle.,SUPPORTS,SUPPORTS,True,1.0,1,0.5043044090270996,37,1,0,0.0007400000000000001,0.0007400000000000001
Robert J. O'Neill (U.S. Navy SEAL) claimed to have fired the man that killed Osama bin Laden.,NOT ENOUGH INFO,SUPPORTS,False,0.0,0,0.30927419662475586,56,1,0,0.0011200000000000001,0.0011200000000000001
Keanu Reeves played bass guitar for the band Becky.,SUPPORTS,NOT ENOUGH INFO,False,0.0,0,0.4998157024383545,42,1,0,0.00084,0.00084
Reba McEntire sang at ballet recitals.,NOT ENOUGH INFO,NOT ENOUGH INFO,True,1.0,0,0.87923264503479,42,1,0,0.00084,0.00084
Halle Berry worked.,SUPPORTS,NOT ENOUGH INFO,False,0.0,0,0.43780517578125,36,1,0,0.00072,0.00072
Josh Hartnett is not an actor.,REFUTES,REFUTES,True,1.0,0,0.4496634006500244,39,1,0,0.0007800000000000001,0.0007800000000000001
Gareth Neame has only ever won an Oscar.,REFUTES,NOT ENOUGH INFO,False,0.0,0,0.5548572540283203,42,1,0,0.00084,0.00084
Michael C. Hall won a Golden Globe Award in 2010.,SUPPORTS,SUPPORTS,True,1.0,1,0.5310111045837402,42,1,0,0.00084,0.00084
Star vs. the Forces of Evil is produced by Disney Television Animation.,SUPPORTS,SUPPORTS,True,1.0,1,0.6227176189422607,44,1,0,0.00088,0.00088
Star vs. the Forces of Evil is a television series.,SUPPORTS,NOT ENOUGH INFO,False,0.0,0,0.5017714500427246,43,1,0,0.0008600000000000001,0.0008600000000000001
Dustin Hoffman is an award-winning actor.,SUPPORTS,SUPPORTS,True,1.0,1,0.4008786678314209,40,1,0,0.0008,0.0008
AC/DC has at least eight albums.,SUPPORTS,SUPPORTS,True,1.0,1,0.4091501235961914,39,1,0,0.0007800000000000001,0.0007800000000000001
Lindsay Lohan launched a landline.,NOT ENOUGH INFO,NOT ENOUGH INFO,True,1.0,0,0.774787425994873,40,1,0,0.0008,0.0008
Donnie Wahlberg was nominated for an award in 2008.,SUPPORTS,SUPPORTS,True,1.0,1,0.46497511863708496,43,1,0,0.0008600000000000001,0.0008600000000000001
The Dogs D'Amour play folk music.,NOT ENOUGH INFO,NOT ENOUGH INFO,True,1.0,0,0.44458436965942383,41,1,0,0.0008200000000000001,0.0008200000000000001
Gopalkrishna Gandhi's middle name is Devdas.,SUPPORTS,SUPPORTS,True,1.0,1,0.3815314769744873,44,1,0,0.00088,0.00088
Boris Karloff was awarded stars on the Bollywood Walk of Fame.,NOT ENOUGH INFO,NOT ENOUGH INFO,True,1.0,0,0.5231430530548096,46,1,0,0.00092,0.00092
Jim Henson worked in the film industry.,SUPPORTS,SUPPORTS,True,1.0,1,0.6407885551452637,39,1,0,0.0007800000000000001,0.0007800000000000001
A Nightmare on Elm Street made a profit.,SUPPORTS,SUPPORTS,True,1.0,1,0.4766993522644043,39,1,0,0.0007800000000000001,0.0007800000000000001
Missing is a film.,SUPPORTS,NOT ENOUGH INFO,False,0.0,0,0.43712711334228516,36,1,0,0.00072,0.00072
Diana was released by Motown Records.,SUPPORTS,NOT ENOUGH INFO,False,0.0,0,0.5789270401000977,40,1,0,0.0008,0.0008
Jet Li was a person.,SUPPORTS,SUPPORTS,True,1.0,1,0.44545960426330566,36,1,0,0.00072,0.00072
The United States wasn't always independent.,SUPPORTS,REFUTES,False,0.0,0,0.6168315410614014,38,1,0,0.00076,0.00076
The Simpsons is a movie.,REFUTES,REFUTES,True,1.0,1,0.5218522548675537,36,1,0,0.00072,0.00072
Kajal Aggarwal had a role in a film.,SUPPORTS,SUPPORTS,True,1.0,1,0.6145617961883545,43,1,0,0.0008600000000000001,0.0008600000000000001
Michael Jackson was only ever a dancer.,REFUTES,REFUTES,True,1.0,0,0.4822533130645752,38,1,0,0.00076,0.00076
Nicki Minaj sang the song Starships.,NOT ENOUGH INFO,SUPPORTS,False,0.0,0,0.6017653942108154,40,1,0,0.0008,0.0008
Followers of asceticism lead an alternative lifestyle.,NOT ENOUGH INFO,NOT ENOUGH INFO,True,1.0,0,0.5084254741668701,42,1,0,0.00084,0.00084
Kaitlin Olson began her career in a theater troupe.,SUPPORTS,SUPPORTS,True,1.0,1,0.8597557544708252,43,1,0,0.0008600000000000001,0.0008600000000000001
"Emily Dickinson was born on December 11, 1830.",REFUTES,SUPPORTS,False,0.0,0,0.39176511764526367,40,1,0,0.0008,0.0008
Charles Marie de La Condamine was Catholic.,NOT ENOUGH INFO,SUPPORTS,False,0.0,0,0.40201258659362793,39,1,0,0.0007800000000000001,0.0007800000000000001
Franklin D. Roosevelt was born.,SUPPORTS,SUPPORTS,True,1.0,1,0.518984317779541,38,1,0,0.00076,0.00076
Poland is a European nation.,SUPPORTS,SUPPORTS,True,1.0,1,0.3219900131225586,37,1,0,0.0007400000000000001,0.0007400000000000001
Ted Kennedy was in an accident.,SUPPORTS,NOT ENOUGH INFO,False,0.0,0,0.7264089584350586,38,1,0,0.00076,0.00076
Journey is known as the fifth-best American rock band.,SUPPORTS,SUPPORTS,True,1.0,1,0.46221303939819336,43,1,0,0.0008600000000000001,0.0008600000000000001
Priyanka Chopra promotes health and education and women's rights.,SUPPORTS,SUPPORTS,True,1.0,1,0.49231767654418945,44,1,0,0.00088,0.00088
Midwestern Gothic was founded in 2010.,SUPPORTS,NOT ENOUGH INFO,False,0.0,0,3.1444926261901855,39,1,0,0.0007800000000000001,0.0007800000000000001
Frank Sinatra was a killer.,NOT ENOUGH INFO,REFUTES,False,0.0,0,0.5482549667358398,37,1,0,0.0007400000000000001,0.0007400000000000001
Jun Ji-hyun is in the South Korean film called Assassination.,SUPPORTS,SUPPORTS,True,1.0,1,0.6922116279602051,45,1,0,0.0009000000000000001,0.0009000000000000001
Katrina Kaif is in American films only.,REFUTES,NOT ENOUGH INFO,False,0.0,0,0.4925835132598877,41,1,0,0.0008200000000000001,0.0008200000000000001
O. J. Simpson played for the trojans.,NOT ENOUGH INFO,SUPPORTS,False,0.0,0,0.4671316146850586,42,1,0,0.00084,0.00084
Romelu Lukaku joined Chelsea in 2011 in a trade from Liverpool.,SUPPORTS,SUPPORTS,True,1.0,0,0.4609060287475586,45,1,0,0.0009000000000000001,0.0009000000000000001
Cleopatra's legacy is dead.,REFUTES,REFUTES,True,1.0,0,0.5027787685394287,38,1,0,0.00076,0.00076
Calling All the Monsters was the fourth single on an album.,NOT ENOUGH INFO,NOT ENOUGH INFO,True,1.0,0,0.4002413749694824,43,1,0,0.0008600000000000001,0.0008600000000000001
Russell Crowe won an Academy Award for Gladiator.,SUPPORTS,SUPPORTS,True,1.0,1,0.3907501697540283,40,1,0,0.0008,0.0008
Alex Rodriguez hit 696 homers.,SUPPORTS,SUPPORTS,True,1.0,0,0.4588358402252197,37,1,0,0.0007400000000000001,0.0007400000000000001
An American singer-songwriter performed 7 Things.,SUPPORTS,SUPPORTS,True,1.0,0,0.8859946727752686,40,1,0,0.0008,0.0008
Maggie Gyllenhaal was nominated for an award.,SUPPORTS,SUPPORTS,True,1.0,1,0.5014512538909912,44,1,0,0.00088,0.00088
Gang Signs & Prayer is Stormzy's second album.,REFUTES,SUPPORTS,False,0.0,0,0.6159169673919678,42,1,0,0.00084,0.00084
"Legion premiered at the Pacific Design Center in the morning of January 26, 2017.",NOT ENOUGH INFO,SUPPORTS,False,0.0,0,0.43747854232788086,47,1,0,0.0009400000000000001,0.0009400000000000001
The theory describing cells was first developed in 1839 by Matthias Schleiden.,SUPPORTS,SUPPORTS,True,1.0,0,0.39327573776245117,47,1,0,0.0009400000000000001,0.0009400000000000001
Francois de Belleforest translated the works of Matteo Bandello.,SUPPORTS,SUPPORTS,True,1.0,0,0.45620203018188477,45,1,0,0.0009000000000000001,0.0009000000000000001
The National Council for Peace and Order was formed on May 22.,SUPPORTS,SUPPORTS,True,1.0,1,0.8078732490539551,43,1,0,0.0008600000000000001,0.0008600000000000001
Tim Rice collaborated with anyone except a musician.,REFUTES,NOT ENOUGH INFO,False,0.0,0,0.41214871406555176,40,1,0,0.0008,0.0008
The Council on Foreign Relations is a company whose goal is not primarily to make money.,SUPPORTS,SUPPORTS,True,1.0,1,0.46370673179626465,47,1,0,0.0009400000000000001,0.0009400000000000001
The Kingdom of Georgia fell to invasions.,SUPPORTS,REFUTES,False,0.0,0,0.4816622734069824,39,1,0,0.0007800000000000001,0.0007800000000000001
Charles Dickens was European.,SUPPORTS,SUPPORTS,True,1.0,0,0.5040650367736816,35,1,0,0.0007000000000000001,0.0007000000000000001
Gabon is bordered by the Central African country Equatorial Guinea.,SUPPORTS,SUPPORTS,True,1.0,1,0.4711790084838867,44,1,0,0.00088,0.00088
John Glenn was a pilot.,SUPPORTS,SUPPORTS,True,1.0,0,0.5601866245269775,36,1,0,0.00072,0.00072
Alex Rodriguez has had an occupation.,SUPPORTS,SUPPORTS,True,1.0,0,0.47799062728881836,37,1,0,0.0007400000000000001,0.0007400000000000001
New Girl has Zooey Deschanel on the cast.,SUPPORTS,SUPPORTS,True,1.0,1,0.5873000621795654,42,1,0,0.00084,0.00084
Derrick Rose was named NBA Pastry Chef of the Year.,NOT ENOUGH INFO,NOT ENOUGH INFO,True,1.0,0,0.46239519119262695,44,1,0,0.00088,0.00088
Wyatt Earp was a teamster.,SUPPORTS,SUPPORTS,True,1.0,1,0.4943525791168213,40,1,0,0.0008,0.0008
Melanie Griffith performed in a movie.,SUPPORTS,SUPPORTS,True,1.0,1,0.46681785583496094,38,1,0,0.00076,0.00076
Kevin Durant is a writer for The Players' Tribune.,SUPPORTS,SUPPORTS,True,1.0,1,0.4228856563568115,41,1,0,0.0008200000000000001,0.0008200000000000001
Triple H is a professional wrestler from America.,SUPPORTS,NOT ENOUGH INFO,False,0.0,0,0.55918288230896,41,1,0,0.0008200000000000001,0.0008200000000000001
The Coen brothers frequently subvert or parody politics and government officials.,NOT ENOUGH INFO,SUPPORTS,False,0.0,0,0.4175558090209961,44,1,0,0.00088,0.00088
Barbara Bain acts in Wendy's.,NOT ENOUGH INFO,NOT ENOUGH INFO,True,1.0,0,0.383148193359375,39,1,0,0.0007800000000000001,0.0007800000000000001
Pamela Anderson was born on a mountain.,NOT ENOUGH INFO,NOT ENOUGH INFO,True,1.0,0,1.0080382823944092,41,1,0,0.0008200000000000001,0.0008200000000000001
Earl Warren was unemployed his entire life.,REFUTES,REFUTES,True,1.0,0,0.8750569820404053,39,1,0,0.0007800000000000001,0.0007800000000000001
Portia de Rossi is an American.,SUPPORTS,SUPPORTS,True,1.0,1,0.44545650482177734,38,1,0,0.00076,0.00076
Eddie Vedder is a singer and he is American.,SUPPORTS,SUPPORTS,True,1.0,1,0.5021469593048096,43,1,0,0.0008600000000000001,0.0008600000000000001
Ryan Phillippe starred in a film.,SUPPORTS,SUPPORTS,True,1.0,1,0.491086483001709,39,1,0,0.0007800000000000001,0.0007800000000000001
Hugh Jackman is in the Avengers films.,NOT ENOUGH INFO,NOT ENOUGH INFO,True,1.0,0,0.45471692085266113,41,1,0,0.0008200000000000001,0.0008200000000000001
Gone Girl was written by Gillian Flynn.,SUPPORTS,SUPPORTS,True,1.0,1,0.3945140838623047,40,1,0,0.0008,0.0008
Cape Fear is a film.,SUPPORTS,SUPPORTS,True,1.0,1,0.8243882656097412,37,1,0,0.0007400000000000001,0.0007400000000000001
Dhoom 3 was directed.,SUPPORTS,SUPPORTS,True,1.0,0,0.46823906898498535,37,1,0,0.0007400000000000001,0.0007400000000000001
Steve Buscemi spent his entire career in the pharmaceutical industry.,REFUTES,NOT ENOUGH INFO,False,0.0,0,0.4301574230194092,44,1,0,0.00088,0.00088
Alec Baldwin won seven Screen Actors Guild Awards for 30 Rock in the 2000s.,NOT ENOUGH INFO,SUPPORTS,False,0.0,0,0.4642903804779053,48,1,0,0.0009600000000000001,0.0009600000000000001
The Odyssey has a non-linear climax.,NOT ENOUGH INFO,SUPPORTS,False,0.0,0,1.048685073852539,39,1,0,0.0007800000000000001,0.0007800000000000001
Plato innovated stuff.,SUPPORTS,NOT ENOUGH INFO,False,0.0,0,0.5671002864837646,37,1,0,0.0007400000000000001,0.0007400000000000001
Ryan Seacrest is American and German.,NOT ENOUGH INFO,NOT ENOUGH INFO,True,1.0,0,0.42025089263916016,40,1,0,0.0008,0.0008
Wallander is a British mystery television series.,NOT ENOUGH INFO,"Does this statement support the idea that Wallander is a British television series?
SUPPORTS",False,0.0,0,1.1637632846832275,55,1,0,0.0011,0.0011
Sweden is a nation.,SUPPORTS,SUPPORTS,True,1.0,1,0.3746013641357422,36,1,0,0.00072,0.00072
David Thewlis is an English screenwriter for movies.,SUPPORTS,NOT ENOUGH INFO,False,0.0,0,0.5621247291564941,43,1,0,0.0008600000000000001,0.0008600000000000001
A National Park is where the Boot Monument is located.,SUPPORTS,NOT ENOUGH INFO,False,0.0,0,0.5319883823394775,42,1,0,0.00084,0.00084
Mark Zuckerberg is the CEO of Facebook.,SUPPORTS,SUPPORTS,True,1.0,1,0.6728456020355225,38,1,0,0.00076,0.00076
An English-American actor starred in The Host.,NOT ENOUGH INFO,SUPPORTS,False,0.0,0,0.4023604393005371,40,1,0,0.0008,0.0008
Taipei is the political capital of Taiwan.,SUPPORTS,SUPPORTS,True,1.0,1,0.43009519577026367,39,1,0,0.0007800000000000001,0.0007800000000000001
David Schwimmer played a lawyer in American Crime Story in 2016.,SUPPORTS,SUPPORTS,True,1.0,1,0.7194004058837891,43,1,0,0.0008600000000000001,0.0008600000000000001
Omar Sharif was often cast as a foreigner.,SUPPORTS,SUPPORTS,True,1.0,1,0.41329431533813477,40,1,0,0.0008,0.0008
Eminem has lost every Grammy.,REFUTES,REFUTES,True,1.0,0,0.49661898612976074,38,1,0,0.00076,0.00076
Daz Dillinger raps.,SUPPORTS,SUPPORTS,True,1.0,0,0.4664015769958496,37,1,0,0.0007400000000000001,0.0007400000000000001
Alien: Covenant is a 2017 American science fiction horror film that broke records for opening weekend box office earnings.,NOT ENOUGH INFO,SUPPORTS,False,0.0,0,0.5106377601623535,51,1,0,0.00102,0.00102
Rachel McAdams took a break from acting in all of 2015.,REFUTES,NOT ENOUGH INFO,False,0.0,0,0.8965742588043213,44,1,0,0.00088,0.00088
Marlon Brando was in Viva Zapatal.,SUPPORTS,SUPPORTS,True,1.0,1,0.4615039825439453,42,1,0,0.00084,0.00084
Ray Romano worked with Gene Hackman.,SUPPORTS,SUPPORTS,True,1.0,1,0.37099123001098633,39,1,0,0.0007800000000000001,0.0007800000000000001
Marlon Brandon received acclaim.,SUPPORTS,SUPPORTS,True,1.0,0,0.7526943683624268,37,1,0,0.0007400000000000001,0.0007400000000000001
Joe Hart played in England.,SUPPORTS,SUPPORTS,True,1.0,1,0.3647909164428711,36,1,0,0.00072,0.00072
Reuters transmits news in Urdu and Farsi.,NOT ENOUGH INFO,SUPPORTS,False,0.0,0,0.4154982566833496,42,1,0,0.00084,0.00084
Get Out's budget was $4.5 million.,SUPPORTS,NOT ENOUGH INFO,False,0.0,0,0.5673725605010986,42,1,0,0.00084,0.00084
Destiny was made by Bethesda.,REFUTES,NOT ENOUGH INFO,False,0.0,0,0.6254880428314209,38,1,0,0.00076,0.00076
Tim Rice penned a 1970 rock opera with Andrew Lloyd Webber.,SUPPORTS,SUPPORTS,True,1.0,1,0.5233154296875,43,1,0,0.0008600000000000001,0.0008600000000000001
Jackie Robinson's uniform number was 42.,SUPPORTS,SUPPORTS,True,1.0,0,0.7062129974365234,39,1,0,0.0007800000000000001,0.0007800000000000001
The Lion King's main character is Scar.,REFUTES,SUPPORTS,False,0.0,0,0.435077428817749,39,1,0,0.0007800000000000001,0.0007800000000000001
Remote Control Productions has provided the scores for purple.,NOT ENOUGH INFO,SUPPORTS,False,0.0,0,0.43079662322998047,40,1,0,0.0008,0.0008
One-Punch Man is a series.,SUPPORTS,SUPPORTS,True,1.0,1,0.3446331024169922,39,1,0,0.0007800000000000001,0.0007800000000000001
The blue-ringed octopus only hunts hermit crabs.,REFUTES,REFUTES,True,1.0,0,0.4292786121368408,43,1,0,0.0008600000000000001,0.0008600000000000001
Karl Malone played in the ABA.,NOT ENOUGH INFO,NOT ENOUGH INFO,True,1.0,0,0.7326431274414062,39,1,0,0.0007800000000000001,0.0007800000000000001
Marion Cotillard did not win a Golden Globe Award.,REFUTES,REFUTES,True,1.0,1,0.7820019721984863,42,1,0,0.00084,0.00084
Lewis Friedman wrote a documentary about Bob Marley.,SUPPORTS,SUPPORTS,True,1.0,1,0.4927558898925781,40,1,0,0.0008,0.0008
Green Day plays music.,SUPPORTS,SUPPORTS,True,1.0,1,0.43839430809020996,35,1,0,0.0007000000000000001,0.0007000000000000001
Judy Garland is deceased.,REFUTES,SUPPORTS,False,0.0,0,0.4586358070373535,36,1,0,0.00072,0.00072
Halle Berry is a person.,SUPPORTS,SUPPORTS,True,1.0,1,0.7377300262451172,37,1,0,0.0007400000000000001,0.0007400000000000001
Twitter distributed less than 40 million election-related tweets on the day of the 2016 U.S. presidential election.,SUPPORTS,NOT ENOUGH INFO,False,0.0,0,0.44477128982543945,54,1,0,0.00108,0.00108
David Angell was born in 2001.,REFUTES,NOT ENOUGH INFO,False,0.0,0,0.5923895835876465,39,1,0,0.0007800000000000001,0.0007800000000000001
Blue Velvet stars Isabella Rossellini.,SUPPORTS,SUPPORTS,True,1.0,1,1.0532171726226807,39,1,0,0.0007800000000000001,0.0007800000000000001
Social anxiety disorder causes distress in social situations which can impair daily living.,SUPPORTS,SUPPORTS,True,1.0,1,0.6451249122619629,44,1,0,0.00088,0.00088
Boromir makes an appearance in volume 1 of The Lord of the Rings.,SUPPORTS,SUPPORTS,True,1.0,1,0.41359496116638184,47,1,0,0.0009400000000000001,0.0009400000000000001
Warm Leatherette was released by a British-Armenian record label.,SUPPORTS,NOT ENOUGH INFO,False,0.0,0,0.4088602066040039,48,1,0,0.0009600000000000001,0.0009600000000000001
Kajal Aggarwal has an acting career.,SUPPORTS,SUPPORTS,True,1.0,1,0.4151492118835449,41,1,0,0.0008200000000000001,0.0008200000000000001
Cosmopolitan is often referred to as no other name.,REFUTES,NOT ENOUGH INFO,False,0.0,0,0.41936278343200684,42,1,0,0.00084,0.00084
John McCain is an aromatherapist.,NOT ENOUGH INFO,REFUTES,False,0.0,0,0.47547268867492676,38,1,0,0.00076,0.00076
John Cena is a professional writer only.,REFUTES,REFUTES,True,1.0,0,0.46095967292785645,38,1,0,0.00076,0.00076
Bali is a place,SUPPORTS,SUPPORTS,True,1.0,1,0.39853549003601074,35,1,0,0.0007000000000000001,0.0007000000000000001
Andy Samberg voice acted in a movie.,SUPPORTS,SUPPORTS,True,1.0,1,0.4841282367706299,39,1,0,0.0007800000000000001,0.0007800000000000001
Bon Scott was only involved in music in Seattle.,NOT ENOUGH INFO,NOT ENOUGH INFO,True,1.0,0,0.6553864479064941,41,1,0,0.0008200000000000001,0.0008200000000000001
"In 1968 to 1969, Leicester City F.C. was a FA Cup finalist.",SUPPORTS,SUPPORTS,True,1.0,1,0.3513786792755127,48,1,0,0.0009600000000000001,0.0009600000000000001
Malcolm Young was a member from AC/DC.,SUPPORTS,SUPPORTS,True,1.0,1,0.7082667350769043,41,1,0,0.0008200000000000001,0.0008200000000000001
Stephon Marbury is a player in a basketball association.,SUPPORTS,SUPPORTS,True,1.0,1,0.5049691200256348,42,1,0,0.00084,0.00084
Tim Rice wrote a 1970 rock opera with someone.,SUPPORTS,NOT ENOUGH INFO,False,0.0,0,0.5249993801116943,41,1,0,0.0008200000000000001,0.0008200000000000001
J.Lo includes provocative lyrics about 1980.,NOT ENOUGH INFO,NOT ENOUGH INFO,True,1.0,0,0.5347914695739746,40,1,0,0.0008,0.0008
Farrah Fawcett is a woman.,SUPPORTS,SUPPORTS,True,1.0,1,0.7633829116821289,39,1,0,0.0007800000000000001,0.0007800000000000001
Monica Seles played tennis.,SUPPORTS,SUPPORTS,True,1.0,1,0.3937046527862549,37,1,0,0.0007400000000000001,0.0007400000000000001
Keanu Reeves played Bart Simpson in Johnny Mnemonic.,REFUTES,SUPPORTS,False,0.0,0,0.7308690547943115,41,1,0,0.0008200000000000001,0.0008200000000000001
Tom Hardy has acted in an adaptation of a novel.,SUPPORTS,SUPPORTS,True,1.0,1,0.4147043228149414,41,1,0,0.0008200000000000001,0.0008200000000000001
Daft Punk is a four-person band.,REFUTES,NOT ENOUGH INFO,False,0.0,0,1.7765188217163086,41,1,0,0.0008200000000000001,0.0008200000000000001
Dogstar (band) released two EPs.,REFUTES,SUPPORTS,False,0.0,0,0.41079115867614746,40,1,0,0.0008,0.0008
The Sea of Marmara is connected to the Aegean Sea.,SUPPORTS,SUPPORTS,True,1.0,1,0.47032833099365234,45,1,0,0.0009000000000000001,0.0009000000000000001
Carrie Fisher worked alone.,NOT ENOUGH INFO,NOT ENOUGH INFO,True,1.0,0,0.43837571144104004,37,1,0,0.0007400000000000001,0.0007400000000000001
Priyanka Chopra was born in July.,SUPPORTS,SUPPORTS,True,1.0,1,0.4863862991333008,40,1,0,0.0008,0.0008
Liv Tyler performed in a film.,SUPPORTS,SUPPORTS,True,1.0,0,0.4810299873352051,38,1,0,0.00076,0.00076
Liana Liberato has yet to appear in any films.,REFUTES,NOT ENOUGH INFO,False,0.0,0,0.41709113121032715,43,1,0,0.0008600000000000001,0.0008600000000000001
English people were treated in a friendly fashion by Ayutthaya.,NOT ENOUGH INFO,SUPPORTS,False,0.0,0,0.4624600410461426,44,1,0,0.00088,0.00088
Pan Am premiered.,SUPPORTS,NOT ENOUGH INFO,False,0.0,0,0.5482637882232666,35,1,0,0.0007000000000000001,0.0007000000000000001
Seattle's earliest major industry was logging.,SUPPORTS,SUPPORTS,True,1.0,1,0.8217203617095947,38,1,0,0.00076,0.00076
Roald Dahl was born in a country.,SUPPORTS,SUPPORTS,True,1.0,0,0.8871793746948242,39,1,0,0.0007800000000000001,0.0007800000000000001
A Grammy award was won by Beautiful.,SUPPORTS,SUPPORTS,True,1.0,0,0.9827234745025635,38,1,0,0.00076,0.00076
The USS Constitution has open to visitors year round for free tours since 1954.,NOT ENOUGH INFO,SUPPORTS,False,0.0,0,0.440274715423584,45,1,0,0.0009000000000000001,0.0009000000000000001
The 2016 Summer Olympics took place in a stadium in Rio de Janeiro.,NOT ENOUGH INFO,SUPPORTS,False,0.0,0,0.7513957023620605,44,1,0,0.00088,0.00088
Ellen DeGeneres is a lesbian.,SUPPORTS,SUPPORTS,True,1.0,1,0.9853630065917969,39,1,0,0.0007800000000000001,0.0007800000000000001
Batman v Superman: Dawn of Justice is a live-action film.,SUPPORTS,SUPPORTS,True,1.0,1,0.8182218074798584,44,1,0,0.00088,0.00088
The United States Naval Academy is outside of the United States.,REFUTES,REFUTES,True,1.0,0,0.46793246269226074,42,1,0,0.00084,0.00084
Prometheus is a science-fiction horror film that involves aliens.,SUPPORTS,SUPPORTS,True,1.0,0,0.47643232345581055,43,1,0,0.0008600000000000001,0.0008600000000000001
Pierce Brosnan played the role of Bond.,SUPPORTS,SUPPORTS,True,1.0,1,0.7284400463104248,40,1,0,0.0008,0.0008
Emily Blunt has yet to win a BAFTA Britannia Award.,REFUTES,NOT ENOUGH INFO,False,0.0,0,0.41811633110046387,45,1,0,0.0009000000000000001,0.0009000000000000001
Wayne Rooney is a soccer player.,SUPPORTS,SUPPORTS,True,1.0,1,0.42922258377075195,38,1,0,0.00076,0.00076
There is a Christian state called Tuvalu.,SUPPORTS,SUPPORTS,True,1.0,1,0.4728679656982422,40,1,0,0.0008,0.0008
Adderall's active ingredient is pear.,REFUTES,REFUTES,True,1.0,1,0.36692285537719727,39,1,0,0.0007800000000000001,0.0007800000000000001
Lionel Messi won the FIFA World Player of the Year award in 2011.,NOT ENOUGH INFO,SUPPORTS,False,0.0,0,0.535097599029541,46,1,0,0.00092,0.00092
Judi Dench is an actor who has performed in many movies.,SUPPORTS,SUPPORTS,True,1.0,1,0.4387476444244385,44,1,0,0.00088,0.00088
Nerrukku Ner is a work.,SUPPORTS,NOT ENOUGH INFO,False,0.0,0,0.5080499649047852,41,1,0,0.0008200000000000001,0.0008200000000000001
Queen Latifah won a Grammy for her first album.,NOT ENOUGH INFO,SUPPORTS,False,0.0,0,0.42086243629455566,42,1,0,0.00084,0.00084
Christopher Nolan is a director.,SUPPORTS,SUPPORTS,True,1.0,1,0.4934074878692627,36,1,0,0.00072,0.00072
Archimedes was not an author.,NOT ENOUGH INFO,NOT ENOUGH INFO,True,1.0,0,0.4892115592956543,39,1,0,0.0007800000000000001,0.0007800000000000001
Robert Browning was a poet.,SUPPORTS,SUPPORTS,True,1.0,0,0.4497106075286865,37,1,0,0.0007400000000000001,0.0007400000000000001
Mango is a fruit grown on a tree.,SUPPORTS,SUPPORTS,True,1.0,1,0.4627394676208496,40,1,0,0.0008,0.0008
Samuel L. Jackson has appeared in Die Hard with a Vengeance and was lauded for his performance.,NOT ENOUGH INFO,SUPPORTS,False,0.0,0,0.5333261489868164,50,1,0,0.001,0.001
Emily Blunt was in a film adaptation of Harry Potter and the Goblet of Fire.,NOT ENOUGH INFO,REFUTES,False,0.0,0,0.5952353477478027,48,1,0,0.0009600000000000001,0.0009600000000000001
Little Big Shots premiered on a channel.,SUPPORTS,SUPPORTS,True,1.0,0,0.48734474182128906,38,1,0,0.00076,0.00076
Clark Gable wasn't an extra in silent films.,REFUTES,REFUTES,True,1.0,1,0.39613842964172363,41,1,0,0.0008200000000000001,0.0008200000000000001
Tyne Daly performed in Mothers and Sons.,SUPPORTS,SUPPORTS,True,1.0,1,0.7486112117767334,39,1,0,0.0007800000000000001,0.0007800000000000001
Saswata Chatterjee does television work.,SUPPORTS,SUPPORTS,True,1.0,1,0.6576206684112549,41,1,0,0.0008200000000000001,0.0008200000000000001
Thor: The Dark World was released.,SUPPORTS,NOT ENOUGH INFO,False,0.0,0,0.41931962966918945,39,1,0,0.0007800000000000001,0.0007800000000000001
A Song of Ice and Fire is by a someone who produces television shows.,NOT ENOUGH INFO,NOT ENOUGH INFO,True,1.0,0,0.4721097946166992,46,1,0,0.00092,0.00092
Audrey Hepburn starred in a movie.,SUPPORTS,SUPPORTS,True,1.0,1,0.4240734577178955,39,1,0,0.0007800000000000001,0.0007800000000000001
Kristen Bell acted in a noir drama film.,REFUTES,SUPPORTS,False,0.0,0,0.37314653396606445,41,1,0,0.0008200000000000001,0.0008200000000000001
Las Vegas's population nearly doubled between 1990 and 2000.,SUPPORTS,SUPPORTS,True,1.0,1,0.3770477771759033,41,1,0,0.0008200000000000001,0.0008200000000000001
Michael C. Hall is an actor in the television series Doctor.,NOT ENOUGH INFO,SUPPORTS,False,0.0,0,0.3558690547943115,43,1,0,0.0008600000000000001,0.0008600000000000001
House of 1000 Corpses is a song.,NOT ENOUGH INFO,NOT ENOUGH INFO,True,1.0,0,0.5592794418334961,40,1,0,0.0008,0.0008
Water is a liquid.,SUPPORTS,SUPPORTS,True,1.0,1,1.0298080444335938,35,1,0,0.0007000000000000001,0.0007000000000000001
The Amazing Spider-Man 2 was written in one draft.,REFUTES,NOT ENOUGH INFO,False,0.0,0,0.48307108879089355,43,1,0,0.0008600000000000001,0.0008600000000000001
Catherine Zeta-Jones was incapable of starring in Ocean's Twelve.,REFUTES,REFUTES,True,1.0,0,0.5091264247894287,45,1,0,0.0009000000000000001,0.0009000000000000001
Grey's Anatomy is not a drama series.,REFUTES,REFUTES,True,1.0,1,0.5680267810821533,40,1,0,0.0008,0.0008
Stand-up comedy is generally intended to be humorous or amusing.,SUPPORTS,SUPPORTS,True,1.0,1,0.45073819160461426,43,1,0,0.0008600000000000001,0.0008600000000000001
The Lakers failed to make it to the 1991 NBA Finals.,REFUTES,REFUTES,True,1.0,0,0.4548218250274658,42,1,0,0.00084,0.00084
Rachel McAdams played professional tennis.,NOT ENOUGH INFO,REFUTES,False,0.0,0,0.4475209712982178,37,1,0,0.0007400000000000001,0.0007400000000000001
Kaitlin Olson did not begin her career in an improvisational group.,REFUTES,REFUTES,True,1.0,1,0.5111246109008789,45,1,0,0.0009000000000000001,0.0009000000000000001
Event management includes event fighting.,NOT ENOUGH INFO,NOT ENOUGH INFO,True,1.0,0,0.3816819190979004,37,1,0,0.0007400000000000001,0.0007400000000000001
Natalie Wood worked in films when she was seven years old.,NOT ENOUGH INFO,SUPPORTS,False,0.0,0,0.49497199058532715,43,1,0,0.0008600000000000001,0.0008600000000000001
Atomic Blonde is about a spy.,SUPPORTS,SUPPORTS,True,1.0,1,0.43123388290405273,39,1,0,0.0007800000000000001,0.0007800000000000001
